{
  "arithmetic": {
    "baseline": {
      "train": 0.0,
      "test": 0.0,
      "x": [
        1,
        0,
        0,
        1,
        0
      ],
      "blocks_path": "prompts/blocks_number.json",
      "answer_type": "number"
    },
    "random": {
      "train": 0.041666666666666664,
      "test": 0.0,
      "x": [
        0,
        1,
        0,
        0,
        1
      ]
    },
    "greedy": {
      "train": 0.0,
      "test": 0.0,
      "x": [
        1,
        0,
        0,
        1,
        0
      ]
    },
    "sa": {
      "train": 0.041666666666666664,
      "test": 0.0,
      "x": [
        1,
        1,
        0,
        0,
        1
      ]
    },
    "ga": {
      "train": 0.041666666666666664,
      "test": 0.0,
      "x": [
        0,
        1,
        0,
        0,
        1
      ]
    },
    "pso": {
      "train": 0.041666666666666664,
      "test": 0.0,
      "x": [
        0,
        1,
        0,
        0,
        1
      ]
    }
  },
  "logic": {
    "baseline": {
      "train": 0.3958333333333333,
      "test": 0.5,
      "x": [
        1,
        1,
        1,
        0
      ],
      "blocks_path": "prompts/blocks_yesno.json",
      "answer_type": "yesno"
    },
    "random": {
      "train": 0.5416666666666666,
      "test": 0.5833333333333334,
      "x": [
        1,
        1,
        0,
        1
      ]
    },
    "greedy": {
      "train": 0.5416666666666666,
      "test": 0.5833333333333334,
      "x": [
        1,
        1,
        0,
        1
      ]
    },
    "sa": {
      "train": 0.5625,
      "test": 0.4166666666666667,
      "x": [
        0,
        1,
        0,
        1
      ]
    },
    "ga": {
      "train": 0.5625,
      "test": 0.4166666666666667,
      "x": [
        0,
        1,
        0,
        1
      ]
    },
    "pso": {
      "train": 0.5625,
      "test": 0.4166666666666667,
      "x": [
        0,
        1,
        0,
        1
      ]
    }
  },
  "comparative": {
    "baseline": {
      "train": 0.475,
      "test": 0.6,
      "x": [
        1,
        1,
        1,
        0
      ],
      "blocks_path": "prompts/blocks_yesno.json",
      "answer_type": "yesno"
    },
    "random": {
      "train": 0.5,
      "test": 0.6,
      "x": [
        1,
        1,
        0,
        1
      ]
    },
    "greedy": {
      "train": 0.475,
      "test": 0.6,
      "x": [
        1,
        1,
        1,
        0
      ]
    },
    "sa": {
      "train": 0.5,
      "test": 0.6,
      "x": [
        1,
        1,
        0,
        1
      ]
    },
    "ga": {
      "train": 0.5,
      "test": 0.6,
      "x": [
        1,
        1,
        0,
        1
      ]
    },
    "pso": {
      "train": 0.5,
      "test": 0.6,
      "x": [
        1,
        1,
        0,
        1
      ]
    }
  }
}